id_telemetria,id_volquete,id_conductor,fecha_hora,rpm_motor,estado
1,6,1,2026-09-01 00:03:00,1396,Detenido_Motor_Encendido
2,4,6,2026-09-01 00:04:00,0,Apagado
3,8,6,2026-09-01 00:08:00,2033,En movimiento
4,4,7,2026-09-01 00:09:00,0,Apagado
5,2,8,2026-09-01 00:10:00,2127,En movimiento
6,7,5,2026-09-01 00:15:00,1830,En movimiento
7,1,6,2026-09-01 00:17:00,0,Apagado
8,3,3,2026-09-01 00:22:00,0,Apagado
9,8,4,2026-09-01 00:25:00,1162,En movimiento
10,8,3,2026-09-01 00:26:00,2080,Detenido_Motor_Encendido
11,5,7,2026-09-01 00:28:00,0,Apagado
12,7,6,2026-09-01 00:32:00,2041,Detenido_Motor_Encendido
13,7,1,2026-09-01 00:33:00,0,Apagado
14,3,1,2026-09-01 00:37:00,1445,En movimiento
15,1,1,2026-09-01 00:39:00,1366,Detenido_Motor_Encendido
16,3,5,2026-09-01 00:40:00,0,Apagado
17,3,5,2026-09-01 00:41:00,1060,En movimiento
18,8,4,2026-09-01 00:44:00,1597,Detenido_Motor_Encendido
19,5,7,2026-09-01 00:49:00,901,Detenido_Motor_Encendido
20,4,4,2026-09-01 00:50:00,1043,Detenido_Motor_Encendido
21,5,1,2026-09-01 00:55:00,1711,En movimiento
22,5,2,2026-09-01 00:57:00,1231,Detenido_Motor_Encendido
23,4,3,2026-09-01 01:01:00,0,Apagado
24,8,7,2026-09-01 01:05:00,0,Apagado
25,4,1,2026-09-01 01:06:00,1954,Detenido_Motor_Encendido
26,5,6,2026-09-01 01:09:00,1283,En movimiento
27,5,2,2026-09-01 01:10:00,1655,Detenido_Motor_Encendido
28,7,2,2026-09-01 01:12:00,1617,En movimiento
29,6,8,2026-09-01 01:17:00,0,Apagado
30,8,1,2026-09-01 01:20:00,1028,Detenido_Motor_Encendido
31,2,3,2026-09-01 01:21:00,1786,En movimiento
32,3,6,2026-09-01 01:25:00,2318,Detenido_Motor_Encendido
33,8,7,2026-09-01 01:28:00,0,Apagado
34,6,3,2026-09-01 01:29:00,1673,Detenido_Motor_Encendido
35,4,5,2026-09-01 01:34:00,2444,Detenido_Motor_Encendido
36,4,4,2026-09-01 01:35:00,0,Apagado
37,7,7,2026-09-01 01:38:00,1188,Detenido_Motor_Encendido
38,1,3,2026-09-01 01:42:00,899,En movimiento
39,3,2,2026-09-01 01:45:00,0,Apagado
40,4,3,2026-09-01 01:50:00,2270,En movimiento
41,3,7,2026-09-01 01:54:00,0,Apagado
42,7,4,2026-09-01 01:59:00,853,Detenido_Motor_Encendido
43,8,8,2026-09-01 02:03:00,1832,Detenido_Motor_Encendido
44,8,5,2026-09-01 02:04:00,966,En movimiento
45,2,3,2026-09-01 02:05:00,1946,Detenido_Motor_Encendido
46,5,7,2026-09-01 02:10:00,1522,Detenido_Motor_Encendido
47,4,4,2026-09-01 02:13:00,0,Apagado
48,6,7,2026-09-01 02:18:00,1945,En movimiento
49,8,1,2026-09-01 02:20:00,1167,En movimiento
50,5,7,2026-09-01 02:23:00,2391,En movimiento
51,8,8,2026-09-01 02:28:00,1461,En movimiento
52,3,7,2026-09-01 02:31:00,1311,Detenido_Motor_Encendido
53,1,8,2026-09-01 02:32:00,1102,Detenido_Motor_Encendido
54,2,3,2026-09-01 02:33:00,0,Apagado
55,4,5,2026-09-01 02:34:00,1687,En movimiento
56,3,8,2026-09-01 02:38:00,1953,Detenido_Motor_Encendido
57,5,2,2026-09-01 02:39:00,1525,Detenido_Motor_Encendido
58,1,6,2026-09-01 02:40:00,2487,En movimiento
59,5,8,2026-09-01 02:44:00,1198,Detenido_Motor_Encendido
60,4,6,2026-09-01 02:47:00,2400,En movimiento
61,3,6,2026-09-01 02:48:00,1624,Detenido_Motor_Encendido
62,1,7,2026-09-01 02:52:00,2438,Detenido_Motor_Encendido
63,4,6,2026-09-01 02:57:00,0,Apagado
64,8,8,2026-09-01 03:02:00,0,Apagado
65,6,8,2026-09-01 03:06:00,1444,Detenido_Motor_Encendido
66,2,4,2026-09-01 03:07:00,0,Apagado
67,8,5,2026-09-01 03:10:00,0,Apagado
68,2,3,2026-09-01 03:12:00,1982,Detenido_Motor_Encendido
69,6,1,2026-09-01 03:17:00,0,Apagado
70,7,8,2026-09-01 03:19:00,2138,Detenido_Motor_Encendido
71,2,8,2026-09-01 03:22:00,2318,Detenido_Motor_Encendido
72,2,7,2026-09-01 03:23:00,2138,Detenido_Motor_Encendido
73,3,6,2026-09-01 03:28:00,1910,En movimiento
74,7,8,2026-09-01 03:29:00,2149,En movimiento
75,6,4,2026-09-01 03:31:00,1542,Detenido_Motor_Encendido
76,5,5,2026-09-01 03:32:00,0,Apagado
77,5,3,2026-09-01 03:34:00,954,Detenido_Motor_Encendido
78,3,7,2026-09-01 03:35:00,1085,Detenido_Motor_Encendido
79,5,5,2026-09-01 03:38:00,0,Apagado
80,4,4,2026-09-01 03:41:00,0,Apagado
81,5,2,2026-09-01 03:46:00,1445,Detenido_Motor_Encendido
82,7,8,2026-09-01 03:48:00,0,Apagado
83,1,3,2026-09-01 03:52:00,1614,Detenido_Motor_Encendido
84,3,2,2026-09-01 03:54:00,1212,Detenido_Motor_Encendido
85,8,3,2026-09-01 03:58:00,0,Apagado
86,5,3,2026-09-01 04:01:00,1367,En movimiento
87,2,5,2026-09-01 04:05:00,1041,En movimiento
88,5,1,2026-09-01 04:10:00,1126,Detenido_Motor_Encendido
89,2,7,2026-09-01 04:15:00,1312,Detenido_Motor_Encendido
90,7,6,2026-09-01 04:17:00,0,Apagado
91,7,1,2026-09-01 04:19:00,2228,Detenido_Motor_Encendido
92,6,1,2026-09-01 04:23:00,0,Apagado
93,8,1,2026-09-01 04:24:00,0,Apagado
94,5,6,2026-09-01 04:26:00,2446,En movimiento
95,7,4,2026-09-01 04:28:00,1607,En movimiento
96,6,5,2026-09-01 04:31:00,0,Apagado
97,6,2,2026-09-01 04:36:00,2319,Detenido_Motor_Encendido
98,7,1,2026-09-01 04:37:00,1800,Detenido_Motor_Encendido
99,3,7,2026-09-01 04:42:00,837,Detenido_Motor_Encendido
100,5,5,2026-09-01 04:45:00,0,Apagado
101,5,4,2026-09-01 04:46:00,0,Apagado
102,5,7,2026-09-01 04:47:00,0,Apagado
103,8,3,2026-09-01 04:48:00,1613,Detenido_Motor_Encendido
104,2,1,2026-09-01 04:53:00,2499,Detenido_Motor_Encendido
105,7,6,2026-09-01 04:55:00,1257,Detenido_Motor_Encendido
106,8,3,2026-09-01 04:59:00,1930,En movimiento
107,2,6,2026-09-01 05:04:00,0,Apagado
108,6,5,2026-09-01 05:06:00,1731,Detenido_Motor_Encendido
109,4,7,2026-09-01 05:07:00,2023,En movimiento
110,1,1,2026-09-01 05:12:00,0,Apagado
111,2,5,2026-09-01 05:17:00,1153,En movimiento
112,2,1,2026-09-01 05:22:00,1426,En movimiento
113,7,4,2026-09-01 05:26:00,1237,Detenido_Motor_Encendido
114,1,5,2026-09-01 05:28:00,2346,Detenido_Motor_Encendido
115,5,5,2026-09-01 05:30:00,2125,Detenido_Motor_Encendido
116,4,5,2026-09-01 05:35:00,0,Apagado
117,6,6,2026-09-01 05:40:00,2133,Detenido_Motor_Encendido
118,3,3,2026-09-01 05:43:00,853,Detenido_Motor_Encendido
119,1,2,2026-09-01 05:44:00,1345,Detenido_Motor_Encendido
120,3,7,2026-09-01 05:45:00,2406,En movimiento
121,6,2,2026-09-01 05:48:00,1805,Detenido_Motor_Encendido
122,8,1,2026-09-01 05:49:00,1027,En movimiento
123,5,8,2026-09-01 05:53:00,0,Apagado
124,5,4,2026-09-01 05:54:00,1251,Detenido_Motor_Encendido
125,4,5,2026-09-01 05:59:00,2223,Detenido_Motor_Encendido
126,7,5,2026-09-01 06:02:00,1224,En movimiento
127,6,7,2026-09-01 06:06:00,826,Detenido_Motor_Encendido
128,1,5,2026-09-01 06:07:00,1920,Detenido_Motor_Encendido
129,1,5,2026-09-01 06:12:00,0,Apagado
130,4,1,2026-09-01 06:17:00,2430,Detenido_Motor_Encendido
131,8,4,2026-09-01 06:18:00,0,Apagado
132,2,8,2026-09-01 06:23:00,2458,Detenido_Motor_Encendido
133,7,2,2026-09-01 06:25:00,929,En movimiento
134,8,1,2026-09-01 06:29:00,1707,En movimiento
135,1,7,2026-09-01 06:30:00,1371,En movimiento
136,6,2,2026-09-01 06:35:00,1076,En movimiento
137,7,6,2026-09-01 06:39:00,2285,En movimiento
138,2,8,2026-09-01 06:42:00,1533,En movimiento
139,5,5,2026-09-01 06:46:00,0,Apagado
140,6,2,2026-09-01 06:47:00,2010,Detenido_Motor_Encendido
141,2,1,2026-09-01 06:51:00,0,Apagado
142,7,3,2026-09-01 06:53:00,1954,En movimiento
143,4,4,2026-09-01 06:57:00,2210,Detenido_Motor_Encendido
144,3,3,2026-09-01 07:02:00,2100,Detenido_Motor_Encendido
145,7,4,2026-09-01 07:05:00,1934,Detenido_Motor_Encendido
146,8,8,2026-09-01 07:08:00,0,Apagado
147,1,1,2026-09-01 07:12:00,2476,Detenido_Motor_Encendido
148,1,5,2026-09-01 07:15:00,976,En movimiento
149,3,5,2026-09-01 07:18:00,0,Apagado
150,2,1,2026-09-01 07:20:00,2139,En movimiento
151,1,8,2026-09-01 07:25:00,0,Apagado
152,8,6,2026-09-01 07:29:00,2401,Detenido_Motor_Encendido
153,7,3,2026-09-01 07:33:00,1023,En movimiento
154,8,1,2026-09-01 07:37:00,2328,Detenido_Motor_Encendido
155,2,5,2026-09-01 07:41:00,0,Apagado
156,3,1,2026-09-01 07:42:00,0,Apagado
157,2,7,2026-09-01 07:45:00,1880,Detenido_Motor_Encendido
158,7,2,2026-09-01 07:47:00,2120,Detenido_Motor_Encendido
159,8,4,2026-09-01 07:48:00,0,Apagado
160,5,1,2026-09-01 07:51:00,957,Detenido_Motor_Encendido
161,2,3,2026-09-01 07:52:00,2032,En movimiento
162,5,7,2026-09-01 07:54:00,2151,Detenido_Motor_Encendido
163,5,6,2026-09-01 07:59:00,1683,Detenido_Motor_Encendido
164,1,8,2026-09-01 08:00:00,1491,Detenido_Motor_Encendido
165,7,2,2026-09-01 08:03:00,926,Detenido_Motor_Encendido
166,8,1,2026-09-01 08:08:00,0,Apagado
167,2,4,2026-09-01 08:09:00,1765,Detenido_Motor_Encendido
168,1,8,2026-09-01 08:12:00,1327,Detenido_Motor_Encendido
169,1,5,2026-09-01 08:15:00,0,Apagado
170,4,1,2026-09-01 08:17:00,0,Apagado
171,1,6,2026-09-01 08:22:00,0,Apagado
172,6,8,2026-09-01 08:26:00,0,Apagado
173,6,6,2026-09-01 08:30:00,2225,En movimiento
174,2,3,2026-09-01 08:33:00,0,Apagado
175,7,2,2026-09-01 08:35:00,0,Apagado
176,2,4,2026-09-01 08:36:00,2433,Detenido_Motor_Encendido
177,5,6,2026-09-01 08:41:00,1633,En movimiento
178,4,8,2026-09-01 08:45:00,1313,Detenido_Motor_Encendido
179,5,6,2026-09-01 08:49:00,0,Apagado
180,5,7,2026-09-01 08:54:00,2386,Detenido_Motor_Encendido
181,4,5,2026-09-01 08:56:00,0,Apagado
182,4,7,2026-09-01 08:57:00,1448,En movimiento
183,1,5,2026-09-01 08:58:00,2253,Detenido_Motor_Encendido
184,1,3,2026-09-01 08:59:00,0,Apagado
185,1,6,2026-09-01 09:02:00,2171,Detenido_Motor_Encendido
186,4,6,2026-09-01 09:03:00,1446,En movimiento
187,3,3,2026-09-01 09:08:00,2457,En movimiento
188,6,4,2026-09-01 09:10:00,962,En movimiento
189,2,2,2026-09-01 09:14:00,1125,Detenido_Motor_Encendido
190,4,6,2026-09-01 09:18:00,1618,En movimiento
191,4,3,2026-09-01 09:22:00,1665,Detenido_Motor_Encendido
192,6,7,2026-09-01 09:25:00,1148,Detenido_Motor_Encendido
193,7,8,2026-09-01 09:27:00,0,Apagado
194,3,6,2026-09-01 09:32:00,0,Apagado
195,7,4,2026-09-01 09:34:00,0,Apagado
196,7,3,2026-09-01 09:36:00,0,Apagado
197,4,7,2026-09-01 09:37:00,821,En movimiento
198,6,5,2026-09-01 09:39:00,0,Apagado
199,8,5,2026-09-01 09:41:00,861,Detenido_Motor_Encendido
200,5,3,2026-09-01 09:43:00,0,Apagado
201,2,2,2026-09-01 09:47:00,1079,En movimiento
202,8,3,2026-09-01 09:50:00,0,Apagado
203,5,5,2026-09-01 09:51:00,0,Apagado
204,5,2,2026-09-01 09:53:00,2269,En movimiento
205,7,8,2026-09-01 09:56:00,0,Apagado
206,4,2,2026-09-01 10:00:00,1315,Detenido_Motor_Encendido
207,3,7,2026-09-01 10:01:00,0,Apagado
208,3,4,2026-09-01 10:05:00,2050,Detenido_Motor_Encendido
209,7,4,2026-09-01 10:08:00,2420,En movimiento
210,2,4,2026-09-01 10:11:00,0,Apagado
211,2,7,2026-09-01 10:12:00,2361,En movimiento
212,6,1,2026-09-01 10:15:00,844,Detenido_Motor_Encendido
213,2,1,2026-09-01 10:16:00,0,Apagado
214,6,2,2026-09-01 10:20:00,2285,En movimiento
215,7,8,2026-09-01 10:23:00,2477,En movimiento
216,8,3,2026-09-01 10:24:00,1476,En movimiento
217,2,3,2026-09-01 10:28:00,1100,En movimiento
218,5,8,2026-09-01 10:33:00,2007,En movimiento
219,5,6,2026-09-01 10:37:00,1568,En movimiento
220,4,8,2026-09-01 10:39:00,1623,En movimiento
221,1,6,2026-09-01 10:43:00,2353,En movimiento
222,6,1,2026-09-01 10:47:00,0,Apagado
223,4,5,2026-09-01 10:48:00,0,Apagado
224,1,8,2026-09-01 10:49:00,0,Apagado
225,2,6,2026-09-01 10:51:00,0,Apagado
226,7,5,2026-09-01 10:53:00,876,En movimiento
227,4,8,2026-09-01 10:56:00,1403,Detenido_Motor_Encendido
228,6,8,2026-09-01 11:00:00,2327,Detenido_Motor_Encendido
229,5,4,2026-09-01 11:05:00,1557,Detenido_Motor_Encendido
230,6,7,2026-09-01 11:07:00,2370,Detenido_Motor_Encendido
231,4,2,2026-09-01 11:09:00,1757,Detenido_Motor_Encendido
232,3,5,2026-09-01 11:14:00,0,Apagado
233,5,7,2026-09-01 11:17:00,0,Apagado
234,2,7,2026-09-01 11:20:00,1940,En movimiento
235,2,3,2026-09-01 11:21:00,1787,Detenido_Motor_Encendido
236,4,3,2026-09-01 11:24:00,2139,En movimiento
237,6,1,2026-09-01 11:27:00,1048,Detenido_Motor_Encendido
238,8,8,2026-09-01 11:30:00,1491,En movimiento
239,2,6,2026-09-01 11:31:00,0,Apagado
240,8,8,2026-09-01 11:34:00,0,Apagado
241,6,7,2026-09-01 11:36:00,0,Apagado
242,2,7,2026-09-01 11:39:00,1137,Detenido_Motor_Encendido
243,8,4,2026-09-01 11:41:00,0,Apagado
244,8,2,2026-09-01 11:46:00,0,Apagado
245,7,4,2026-09-01 11:50:00,0,Apagado
246,2,5,2026-09-01 11:52:00,1330,Detenido_Motor_Encendido
247,1,6,2026-09-01 11:54:00,0,Apagado
248,4,1,2026-09-01 11:56:00,1216,En movimiento
249,1,8,2026-09-01 12:00:00,2109,Detenido_Motor_Encendido
250,3,6,2026-09-01 12:03:00,1478,Detenido_Motor_Encendido
251,1,5,2026-09-01 12:08:00,1689,En movimiento
252,8,5,2026-09-01 12:10:00,1252,Detenido_Motor_Encendido
253,4,8,2026-09-01 12:11:00,2396,Detenido_Motor_Encendido
254,6,4,2026-09-01 12:16:00,0,Apagado
255,4,4,2026-09-01 12:17:00,1253,En movimiento
256,5,5,2026-09-01 12:22:00,1375,En movimiento
257,8,1,2026-09-01 12:25:00,0,Apagado
258,4,8,2026-09-01 12:28:00,874,Detenido_Motor_Encendido
259,8,4,2026-09-01 12:30:00,1900,En movimiento
260,5,6,2026-09-01 12:35:00,2151,Detenido_Motor_Encendido
261,7,6,2026-09-01 12:39:00,0,Apagado
262,2,5,2026-09-01 12:43:00,2185,Detenido_Motor_Encendido
263,2,4,2026-09-01 12:46:00,1438,En movimiento
264,5,4,2026-09-01 12:51:00,0,Apagado
265,7,2,2026-09-01 12:56:00,1523,En movimiento
266,1,6,2026-09-01 12:58:00,1011,En movimiento
267,1,5,2026-09-01 13:01:00,2115,En movimiento
268,5,6,2026-09-01 13:04:00,1174,En movimiento
269,3,5,2026-09-01 13:06:00,0,Apagado
270,7,5,2026-09-01 13:09:00,1074,En movimiento
271,8,8,2026-09-01 13:12:00,1175,Detenido_Motor_Encendido
272,2,8,2026-09-01 13:17:00,2337,En movimiento
273,4,4,2026-09-01 13:18:00,2261,En movimiento
274,6,7,2026-09-01 13:20:00,0,Apagado
275,8,3,2026-09-01 13:24:00,0,Apagado
276,5,6,2026-09-01 13:29:00,1618,Detenido_Motor_Encendido
277,8,3,2026-09-01 13:31:00,1880,En movimiento
278,1,6,2026-09-01 13:34:00,1623,En movimiento
279,8,2,2026-09-01 13:35:00,0,Apagado
280,5,6,2026-09-01 13:38:00,1946,Detenido_Motor_Encendido
281,6,7,2026-09-01 13:42:00,1080,Detenido_Motor_Encendido
282,3,2,2026-09-01 13:45:00,854,Detenido_Motor_Encendido
283,6,8,2026-09-01 13:47:00,1753,Detenido_Motor_Encendido
284,7,7,2026-09-01 13:51:00,1005,En movimiento
285,5,5,2026-09-01 13:56:00,1933,En movimiento
286,3,6,2026-09-01 13:58:00,0,Apagado
287,7,2,2026-09-01 14:03:00,1554,Detenido_Motor_Encendido
288,6,5,2026-09-01 14:06:00,0,Apagado
289,2,3,2026-09-01 14:08:00,0,Apagado
290,8,2,2026-09-01 14:13:00,0,Apagado
291,1,3,2026-09-01 14:15:00,0,Apagado
292,2,5,2026-09-01 14:20:00,0,Apagado
293,2,7,2026-09-01 14:23:00,1826,En movimiento
294,2,2,2026-09-01 14:24:00,1865,Detenido_Motor_Encendido
295,6,4,2026-09-01 14:26:00,1685,En movimiento
296,2,1,2026-09-01 14:31:00,1029,En movimiento
297,6,3,2026-09-01 14:34:00,2239,En movimiento
298,4,1,2026-09-01 14:38:00,0,Apagado
299,6,3,2026-09-01 14:42:00,1613,Detenido_Motor_Encendido
300,1,5,2026-09-01 14:45:00,1183,En movimiento
301,8,3,2026-09-01 14:46:00,1751,En movimiento
302,8,2,2026-09-01 14:48:00,1458,Detenido_Motor_Encendido
303,7,8,2026-09-01 14:50:00,0,Apagado
304,7,7,2026-09-01 14:54:00,1099,En movimiento
305,8,5,2026-09-01 14:59:00,0,Apagado
306,8,7,2026-09-01 15:04:00,980,En movimiento
307,5,7,2026-09-01 15:09:00,1258,En movimiento
308,8,6,2026-09-01 15:14:00,0,Apagado
309,7,7,2026-09-01 15:18:00,856,En movimiento
310,5,1,2026-09-01 15:21:00,0,Apagado
311,1,7,2026-09-01 15:25:00,0,Apagado
312,7,4,2026-09-01 15:26:00,2236,Detenido_Motor_Encendido
313,6,5,2026-09-01 15:30:00,847,Detenido_Motor_Encendido
314,5,4,2026-09-01 15:34:00,2108,En movimiento
315,5,6,2026-09-01 15:35:00,0,Apagado
316,3,4,2026-09-01 15:39:00,0,Apagado
317,1,7,2026-09-01 15:44:00,0,Apagado
318,2,7,2026-09-01 15:47:00,1828,En movimiento
319,7,1,2026-09-01 15:48:00,0,Apagado
320,5,8,2026-09-01 15:49:00,1009,En movimiento
321,3,1,2026-09-01 15:54:00,2239,Detenido_Motor_Encendido
322,5,6,2026-09-01 15:56:00,0,Apagado
323,7,3,2026-09-01 15:59:00,0,Apagado
324,3,2,2026-09-01 16:04:00,2251,En movimiento
325,2,6,2026-09-01 16:08:00,0,Apagado
326,7,3,2026-09-01 16:13:00,1502,Detenido_Motor_Encendido
327,3,8,2026-09-01 16:18:00,1159,Detenido_Motor_Encendido
328,5,6,2026-09-01 16:22:00,1856,Detenido_Motor_Encendido
329,6,1,2026-09-01 16:27:00,1233,Detenido_Motor_Encendido
330,2,6,2026-09-01 16:32:00,0,Apagado
331,7,4,2026-09-01 16:35:00,1176,En movimiento
332,3,4,2026-09-01 16:40:00,0,Apagado
333,4,7,2026-09-01 16:44:00,1254,En movimiento
334,6,8,2026-09-01 16:46:00,1494,Detenido_Motor_Encendido
335,4,2,2026-09-01 16:47:00,1645,Detenido_Motor_Encendido
336,7,3,2026-09-01 16:49:00,0,Apagado
337,8,1,2026-09-01 16:50:00,2260,Detenido_Motor_Encendido
338,5,2,2026-09-01 16:52:00,2176,Detenido_Motor_Encendido
339,1,7,2026-09-01 16:54:00,0,Apagado
340,8,2,2026-09-01 16:56:00,2254,En movimiento
341,5,2,2026-09-01 16:58:00,1165,En movimiento
342,3,8,2026-09-01 17:03:00,0,Apagado
343,8,1,2026-09-01 17:06:00,2292,En movimiento
344,2,3,2026-09-01 17:07:00,1343,Detenido_Motor_Encendido
345,7,1,2026-09-01 17:12:00,2168,Detenido_Motor_Encendido
346,1,2,2026-09-01 17:13:00,0,Apagado
347,2,8,2026-09-01 17:16:00,0,Apagado
348,1,4,2026-09-01 17:21:00,0,Apagado
349,6,7,2026-09-01 17:22:00,0,Apagado
350,2,7,2026-09-01 17:27:00,0,Apagado
351,4,5,2026-09-01 17:28:00,1191,En movimiento
352,4,4,2026-09-01 17:29:00,959,En movimiento
353,4,1,2026-09-01 17:31:00,0,Apagado
354,3,7,2026-09-01 17:33:00,1081,Detenido_Motor_Encendido
355,6,8,2026-09-01 17:36:00,2133,Detenido_Motor_Encendido
356,6,1,2026-09-01 17:39:00,1068,En movimiento
357,6,6,2026-09-01 17:44:00,1412,Detenido_Motor_Encendido
358,2,7,2026-09-01 17:48:00,2232,Detenido_Motor_Encendido
359,2,4,2026-09-01 17:50:00,1905,Detenido_Motor_Encendido
360,1,6,2026-09-01 17:55:00,1884,En movimiento
361,7,6,2026-09-01 17:58:00,0,Apagado
362,1,4,2026-09-01 17:59:00,1311,Detenido_Motor_Encendido
363,5,3,2026-09-01 18:01:00,2277,Detenido_Motor_Encendido
364,2,5,2026-09-01 18:06:00,0,Apagado
365,4,2,2026-09-01 18:09:00,1328,En movimiento
366,1,7,2026-09-01 18:12:00,1903,En movimiento
367,3,2,2026-09-01 18:16:00,0,Apagado
368,6,6,2026-09-01 18:20:00,0,Apagado
369,2,3,2026-09-01 18:21:00,0,Apagado
370,4,7,2026-09-01 18:24:00,0,Apagado
371,5,3,2026-09-01 18:28:00,0,Apagado
372,5,8,2026-09-01 18:30:00,2447,Detenido_Motor_Encendido
373,4,1,2026-09-01 18:32:00,1042,En movimiento
374,5,5,2026-09-01 18:34:00,0,Apagado
375,1,7,2026-09-01 18:38:00,0,Apagado
376,8,1,2026-09-01 18:41:00,1944,En movimiento
377,3,6,2026-09-01 18:44:00,0,Apagado
378,6,7,2026-09-01 18:48:00,1075,En movimiento
379,1,1,2026-09-01 18:53:00,2428,Detenido_Motor_Encendido
380,8,3,2026-09-01 18:57:00,0,Apagado
381,6,1,2026-09-01 19:00:00,0,Apagado
382,2,8,2026-09-01 19:02:00,1620,En movimiento
383,8,2,2026-09-01 19:07:00,984,Detenido_Motor_Encendido
384,5,1,2026-09-01 19:12:00,802,En movimiento
385,8,7,2026-09-01 19:13:00,1499,Detenido_Motor_Encendido
386,7,8,2026-09-01 19:14:00,0,Apagado
387,2,3,2026-09-01 19:18:00,0,Apagado
388,6,8,2026-09-01 19:21:00,845,En movimiento
389,6,4,2026-09-01 19:22:00,1557,En movimiento
390,8,4,2026-09-01 19:26:00,2490,En movimiento
391,4,6,2026-09-01 19:30:00,1117,Detenido_Motor_Encendido
392,3,5,2026-09-01 19:34:00,1125,Detenido_Motor_Encendido
393,7,1,2026-09-01 19:35:00,2249,En movimiento
394,2,3,2026-09-01 19:39:00,0,Apagado
395,1,7,2026-09-01 19:42:00,1978,En movimiento
396,5,8,2026-09-01 19:45:00,1940,Detenido_Motor_Encendido
397,8,2,2026-09-01 19:49:00,1810,Detenido_Motor_Encendido
398,6,3,2026-09-01 19:51:00,0,Apagado
399,4,8,2026-09-01 19:56:00,979,En movimiento
400,8,7,2026-09-01 20:01:00,0,Apagado
401,3,7,2026-09-01 20:03:00,2184,Detenido_Motor_Encendido
402,5,8,2026-09-01 20:06:00,0,Apagado
403,4,8,2026-09-01 20:11:00,1182,En movimiento
404,6,4,2026-09-01 20:13:00,2265,En movimiento
405,5,7,2026-09-01 20:18:00,2055,En movimiento
406,3,1,2026-09-01 20:20:00,1274,En movimiento
407,4,4,2026-09-01 20:24:00,2040,Detenido_Motor_Encendido
408,5,7,2026-09-01 20:27:00,0,Apagado
409,8,4,2026-09-01 20:28:00,0,Apagado
410,6,4,2026-09-01 20:31:00,1824,En movimiento
411,2,4,2026-09-01 20:33:00,1941,Detenido_Motor_Encendido
412,6,3,2026-09-01 20:37:00,2446,Detenido_Motor_Encendido
413,2,5,2026-09-01 20:38:00,1976,Detenido_Motor_Encendido
414,4,1,2026-09-01 20:43:00,0,Apagado
415,6,5,2026-09-01 20:46:00,2349,Detenido_Motor_Encendido
416,1,2,2026-09-01 20:47:00,0,Apagado
417,5,7,2026-09-01 20:51:00,2025,En movimiento
418,2,3,2026-09-01 20:56:00,0,Apagado
419,2,7,2026-09-01 21:01:00,0,Apagado
420,3,4,2026-09-01 21:05:00,2452,En movimiento
421,6,8,2026-09-01 21:10:00,0,Apagado
422,5,6,2026-09-01 21:12:00,0,Apagado
423,7,8,2026-09-01 21:13:00,0,Apagado
424,5,7,2026-09-01 21:17:00,1962,Detenido_Motor_Encendido
425,8,6,2026-09-01 21:19:00,2179,En movimiento
426,5,5,2026-09-01 21:21:00,0,Apagado
427,7,1,2026-09-01 21:22:00,955,En movimiento
428,5,6,2026-09-01 21:23:00,1526,Detenido_Motor_Encendido
429,7,1,2026-09-01 21:27:00,1762,En movimiento
430,8,1,2026-09-01 21:30:00,1835,Detenido_Motor_Encendido
431,7,2,2026-09-01 21:31:00,844,Detenido_Motor_Encendido
432,3,8,2026-09-01 21:34:00,0,Apagado
433,4,6,2026-09-01 21:35:00,0,Apagado
434,6,7,2026-09-01 21:37:00,2459,Detenido_Motor_Encendido
435,2,8,2026-09-01 21:42:00,2338,En movimiento
436,5,8,2026-09-01 21:46:00,891,Detenido_Motor_Encendido
437,8,7,2026-09-01 21:48:00,862,Detenido_Motor_Encendido
438,7,5,2026-09-01 21:49:00,0,Apagado
439,8,1,2026-09-01 21:52:00,1499,En movimiento
440,3,5,2026-09-01 21:54:00,2026,En movimiento
441,8,7,2026-09-01 21:56:00,0,Apagado
442,5,5,2026-09-01 22:01:00,2422,Detenido_Motor_Encendido
443,5,8,2026-09-01 22:02:00,1210,Detenido_Motor_Encendido
444,6,7,2026-09-01 22:07:00,1990,En movimiento
445,8,5,2026-09-01 22:09:00,0,Apagado
446,1,2,2026-09-01 22:11:00,2017,Detenido_Motor_Encendido
447,5,6,2026-09-01 22:13:00,806,En movimiento
448,3,2,2026-09-01 22:18:00,829,En movimiento
449,6,3,2026-09-01 22:22:00,1909,Detenido_Motor_Encendido
450,8,8,2026-09-01 22:27:00,1154,Detenido_Motor_Encendido
451,8,8,2026-09-01 22:29:00,1125,Detenido_Motor_Encendido
452,2,7,2026-09-01 22:30:00,1890,Detenido_Motor_Encendido
453,6,4,2026-09-01 22:34:00,863,En movimiento
454,2,6,2026-09-01 22:37:00,1241,Detenido_Motor_Encendido
455,2,8,2026-09-01 22:42:00,1583,En movimiento
456,2,5,2026-09-01 22:45:00,0,Apagado
457,8,6,2026-09-01 22:47:00,0,Apagado
458,5,1,2026-09-01 22:51:00,1291,Detenido_Motor_Encendido
459,2,5,2026-09-01 22:56:00,0,Apagado
460,6,8,2026-09-01 22:59:00,0,Apagado
461,1,5,2026-09-01 23:03:00,0,Apagado
462,1,8,2026-09-01 23:06:00,1981,En movimiento
463,4,8,2026-09-01 23:09:00,1673,Detenido_Motor_Encendido
464,5,6,2026-09-01 23:13:00,1670,En movimiento
465,8,6,2026-09-01 23:14:00,0,Apagado
466,7,3,2026-09-01 23:19:00,0,Apagado
467,5,1,2026-09-01 23:24:00,2047,En movimiento
468,6,8,2026-09-01 23:26:00,0,Apagado
469,7,4,2026-09-01 23:29:00,1319,Detenido_Motor_Encendido
470,3,3,2026-09-01 23:31:00,0,Apagado
471,3,4,2026-09-01 23:33:00,1079,Detenido_Motor_Encendido
472,6,3,2026-09-01 23:37:00,0,Apagado
473,8,8,2026-09-01 23:38:00,0,Apagado
474,6,5,2026-09-01 23:39:00,0,Apagado
475,1,1,2026-09-01 23:41:00,0,Apagado
476,7,5,2026-09-01 23:42:00,0,Apagado
477,6,1,2026-09-01 23:44:00,868,Detenido_Motor_Encendido
478,5,8,2026-09-01 23:46:00,0,Apagado
479,6,7,2026-09-01 23:51:00,0,Apagado
480,6,2,2026-09-01 23:55:00,2074,Detenido_Motor_Encendido
481,7,7,2026-09-01 23:56:00,2320,En movimiento
482,7,2,2026-09-02 00:01:00,1268,Detenido_Motor_Encendido
483,4,6,2026-09-02 00:04:00,2111,En movimiento
484,2,1,2026-09-02 00:08:00,1664,Detenido_Motor_Encendido
485,4,7,2026-09-02 00:13:00,1001,En movimiento
486,5,4,2026-09-02 00:16:00,0,Apagado
487,5,6,2026-09-02 00:20:00,1253,En movimiento
488,6,7,2026-09-02 00:23:00,0,Apagado
489,8,6,2026-09-02 00:26:00,1006,Detenido_Motor_Encendido
490,8,4,2026-09-02 00:28:00,2005,Detenido_Motor_Encendido
491,8,3,2026-09-02 00:32:00,0,Apagado
492,4,2,2026-09-02 00:36:00,1582,En movimiento
493,8,1,2026-09-02 00:39:00,1188,En movimiento
494,8,7,2026-09-02 00:41:00,2335,En movimiento
495,5,7,2026-09-02 00:45:00,2209,En movimiento
496,8,6,2026-09-02 00:47:00,2066,En movimiento
497,6,8,2026-09-02 00:48:00,0,Apagado
498,4,3,2026-09-02 00:50:00,2492,Detenido_Motor_Encendido
499,8,2,2026-09-02 00:51:00,861,En movimiento
500,6,5,2026-09-02 00:56:00,1159,En movimiento
501,1,2,2026-09-02 00:59:00,2296,En movimiento
502,3,8,2026-09-02 01:02:00,2497,En movimiento
503,2,6,2026-09-02 01:04:00,1315,Detenido_Motor_Encendido
504,5,7,2026-09-02 01:07:00,2474,En movimiento
505,4,3,2026-09-02 01:12:00,1957,En movimiento
506,1,6,2026-09-02 01:14:00,1591,En movimiento
507,2,2,2026-09-02 01:18:00,1147,Detenido_Motor_Encendido
508,7,4,2026-09-02 01:22:00,0,Apagado
509,4,3,2026-09-02 01:23:00,835,En movimiento
510,8,2,2026-09-02 01:26:00,0,Apagado
511,3,4,2026-09-02 01:31:00,2010,Detenido_Motor_Encendido
512,5,8,2026-09-02 01:32:00,0,Apagado
513,8,5,2026-09-02 01:36:00,0,Apagado
514,7,6,2026-09-02 01:38:00,0,Apagado
515,4,3,2026-09-02 01:39:00,2310,Detenido_Motor_Encendido
516,3,6,2026-09-02 01:42:00,2272,Detenido_Motor_Encendido
517,1,7,2026-09-02 01:43:00,1976,En movimiento
518,7,7,2026-09-02 01:46:00,915,Detenido_Motor_Encendido
519,2,8,2026-09-02 01:47:00,859,En movimiento
520,8,1,2026-09-02 01:51:00,954,En movimiento
521,6,5,2026-09-02 01:52:00,0,Apagado
522,2,6,2026-09-02 01:55:00,0,Apagado
523,1,4,2026-09-02 01:57:00,1033,En movimiento
524,4,7,2026-09-02 02:01:00,0,Apagado
525,7,1,2026-09-02 02:04:00,0,Apagado
526,2,8,2026-09-02 02:07:00,0,Apagado
527,7,8,2026-09-02 02:11:00,0,Apagado
528,4,6,2026-09-02 02:14:00,0,Apagado
529,8,5,2026-09-02 02:16:00,0,Apagado
530,4,1,2026-09-02 02:17:00,1830,Detenido_Motor_Encendido
531,2,3,2026-09-02 02:18:00,2215,Detenido_Motor_Encendido
532,3,8,2026-09-02 02:22:00,1113,En movimiento
533,1,8,2026-09-02 02:23:00,2365,Detenido_Motor_Encendido
534,6,3,2026-09-02 02:24:00,1749,En movimiento
535,3,7,2026-09-02 02:28:00,978,Detenido_Motor_Encendido
536,4,4,2026-09-02 02:33:00,0,Apagado
537,4,8,2026-09-02 02:37:00,0,Apagado
538,5,8,2026-09-02 02:42:00,1479,En movimiento
539,8,5,2026-09-02 02:44:00,0,Apagado
540,4,5,2026-09-02 02:45:00,2022,En movimiento
541,5,7,2026-09-02 02:49:00,0,Apagado
542,2,5,2026-09-02 02:52:00,1466,Detenido_Motor_Encendido
543,1,6,2026-09-02 02:54:00,2169,En movimiento
544,1,7,2026-09-02 02:56:00,2019,Detenido_Motor_Encendido
545,5,3,2026-09-02 02:58:00,0,Apagado
546,3,3,2026-09-02 03:00:00,1199,En movimiento
547,4,6,2026-09-02 03:02:00,1879,Detenido_Motor_Encendido
548,4,6,2026-09-02 03:06:00,0,Apagado
549,7,7,2026-09-02 03:08:00,2342,Detenido_Motor_Encendido
550,4,7,2026-09-02 03:11:00,2479,Detenido_Motor_Encendido
551,6,5,2026-09-02 03:13:00,0,Apagado
552,5,3,2026-09-02 03:15:00,2289,Detenido_Motor_Encendido
553,4,5,2026-09-02 03:16:00,2099,Detenido_Motor_Encendido
554,4,3,2026-09-02 03:20:00,2397,En movimiento
555,4,8,2026-09-02 03:22:00,1082,En movimiento
556,5,5,2026-09-02 03:23:00,0,Apagado
557,7,8,2026-09-02 03:27:00,2116,Detenido_Motor_Encendido
558,6,1,2026-09-02 03:28:00,2029,En movimiento
559,3,6,2026-09-02 03:31:00,1381,En movimiento
560,7,2,2026-09-02 03:34:00,0,Apagado
561,7,4,2026-09-02 03:35:00,1360,Detenido_Motor_Encendido
562,1,8,2026-09-02 03:36:00,1011,En movimiento
563,6,3,2026-09-02 03:41:00,0,Apagado
564,2,7,2026-09-02 03:46:00,1359,Detenido_Motor_Encendido
565,1,6,2026-09-02 03:50:00,839,Detenido_Motor_Encendido
566,2,1,2026-09-02 03:55:00,0,Apagado
567,3,7,2026-09-02 03:57:00,2219,En movimiento
568,2,2,2026-09-02 04:02:00,0,Apagado
569,8,7,2026-09-02 04:05:00,0,Apagado
570,7,6,2026-09-02 04:09:00,1407,Detenido_Motor_Encendido
571,8,2,2026-09-02 04:10:00,1845,Detenido_Motor_Encendido
572,2,8,2026-09-02 04:13:00,856,En movimiento
573,4,4,2026-09-02 04:18:00,0,Apagado
574,1,4,2026-09-02 04:21:00,1242,Detenido_Motor_Encendido
575,3,1,2026-09-02 04:22:00,0,Apagado
576,2,6,2026-09-02 04:27:00,0,Apagado
577,3,2,2026-09-02 04:30:00,1286,En movimiento
578,8,5,2026-09-02 04:31:00,1995,Detenido_Motor_Encendido
579,5,8,2026-09-02 04:32:00,1295,Detenido_Motor_Encendido
580,1,1,2026-09-02 04:34:00,2072,En movimiento
581,2,6,2026-09-02 04:35:00,1837,Detenido_Motor_Encendido
582,5,2,2026-09-02 04:36:00,0,Apagado
583,4,6,2026-09-02 04:40:00,2351,Detenido_Motor_Encendido
584,2,1,2026-09-02 04:41:00,1883,Detenido_Motor_Encendido
585,5,4,2026-09-02 04:44:00,0,Apagado
586,7,8,2026-09-02 04:45:00,2402,Detenido_Motor_Encendido
587,6,7,2026-09-02 04:48:00,0,Apagado
588,6,8,2026-09-02 04:49:00,1772,Detenido_Motor_Encendido
589,6,2,2026-09-02 04:53:00,0,Apagado
590,2,8,2026-09-02 04:57:00,2045,Detenido_Motor_Encendido
591,3,7,2026-09-02 05:02:00,0,Apagado
592,7,4,2026-09-02 05:06:00,1023,En movimiento
593,3,3,2026-09-02 05:08:00,1957,Detenido_Motor_Encendido
594,1,6,2026-09-02 05:13:00,0,Apagado
595,3,3,2026-09-02 05:18:00,0,Apagado
596,2,3,2026-09-02 05:19:00,988,En movimiento
597,2,7,2026-09-02 05:24:00,1480,En movimiento
598,3,1,2026-09-02 05:25:00,0,Apagado
599,4,2,2026-09-02 05:30:00,0,Apagado
600,8,5,2026-09-02 05:34:00,2034,Detenido_Motor_Encendido
601,5,1,2026-09-02 05:35:00,1935,En movimiento
602,4,2,2026-09-02 05:39:00,2253,Detenido_Motor_Encendido
603,1,2,2026-09-02 05:41:00,1320,Detenido_Motor_Encendido
604,3,8,2026-09-02 05:46:00,2351,Detenido_Motor_Encendido
605,4,3,2026-09-02 05:47:00,2202,Detenido_Motor_Encendido
606,4,7,2026-09-02 05:48:00,0,Apagado
607,8,4,2026-09-02 05:52:00,1176,En movimiento
608,3,1,2026-09-02 05:57:00,1396,En movimiento
609,1,4,2026-09-02 06:01:00,1458,En movimiento
610,6,8,2026-09-02 06:02:00,0,Apagado
611,2,6,2026-09-02 06:05:00,0,Apagado
612,2,7,2026-09-02 06:09:00,1160,Detenido_Motor_Encendido
613,2,8,2026-09-02 06:12:00,1242,Detenido_Motor_Encendido
614,4,1,2026-09-02 06:14:00,1009,Detenido_Motor_Encendido
615,8,3,2026-09-02 06:19:00,0,Apagado
616,1,5,2026-09-02 06:22:00,1294,Detenido_Motor_Encendido
617,3,8,2026-09-02 06:25:00,2076,Detenido_Motor_Encendido
618,2,6,2026-09-02 06:26:00,2099,En movimiento
619,5,3,2026-09-02 06:30:00,2251,En movimiento
620,1,3,2026-09-02 06:32:00,0,Apagado
621,2,3,2026-09-02 06:36:00,0,Apagado
622,8,8,2026-09-02 06:41:00,1933,En movimiento
623,8,6,2026-09-02 06:44:00,1210,Detenido_Motor_Encendido
624,8,6,2026-09-02 06:49:00,0,Apagado
625,8,5,2026-09-02 06:54:00,831,Detenido_Motor_Encendido
626,6,8,2026-09-02 06:56:00,0,Apagado
627,4,7,2026-09-02 06:59:00,2389,En movimiento
628,4,2,2026-09-02 07:00:00,1986,Detenido_Motor_Encendido
629,4,3,2026-09-02 07:04:00,2162,En movimiento
630,6,4,2026-09-02 07:09:00,904,Detenido_Motor_Encendido
631,5,4,2026-09-02 07:11:00,0,Apagado
632,6,4,2026-09-02 07:12:00,0,Apagado
633,3,2,2026-09-02 07:17:00,0,Apagado
634,5,6,2026-09-02 07:20:00,985,Detenido_Motor_Encendido
635,7,3,2026-09-02 07:23:00,0,Apagado
636,6,2,2026-09-02 07:24:00,0,Apagado
637,5,7,2026-09-02 07:27:00,2379,En movimiento
638,8,2,2026-09-02 07:28:00,1543,Detenido_Motor_Encendido
639,8,5,2026-09-02 07:31:00,0,Apagado
640,8,7,2026-09-02 07:33:00,1747,En movimiento
641,6,2,2026-09-02 07:38:00,0,Apagado
642,5,5,2026-09-02 07:41:00,1687,En movimiento
643,7,8,2026-09-02 07:43:00,2356,En movimiento
644,8,8,2026-09-02 07:46:00,1941,Detenido_Motor_Encendido
645,7,8,2026-09-02 07:51:00,0,Apagado
646,4,5,2026-09-02 07:55:00,2231,Detenido_Motor_Encendido
647,4,5,2026-09-02 07:58:00,2478,Detenido_Motor_Encendido
648,7,3,2026-09-02 07:59:00,2219,Detenido_Motor_Encendido
649,3,8,2026-09-02 08:04:00,0,Apagado
650,4,6,2026-09-02 08:08:00,1124,Detenido_Motor_Encendido
651,3,8,2026-09-02 08:09:00,1398,Detenido_Motor_Encendido
652,8,4,2026-09-02 08:14:00,0,Apagado
653,7,3,2026-09-02 08:16:00,0,Apagado
654,5,1,2026-09-02 08:20:00,2265,Detenido_Motor_Encendido
655,4,4,2026-09-02 08:21:00,1032,Detenido_Motor_Encendido
656,5,7,2026-09-02 08:25:00,0,Apagado
657,7,2,2026-09-02 08:27:00,867,Detenido_Motor_Encendido
658,8,6,2026-09-02 08:30:00,0,Apagado
659,1,3,2026-09-02 08:34:00,0,Apagado
660,6,1,2026-09-02 08:39:00,2086,Detenido_Motor_Encendido
661,6,4,2026-09-02 08:43:00,0,Apagado
662,8,4,2026-09-02 08:46:00,0,Apagado
663,3,3,2026-09-02 08:51:00,2160,En movimiento
664,3,1,2026-09-02 08:56:00,1414,Detenido_Motor_Encendido
665,6,3,2026-09-02 09:00:00,0,Apagado
666,4,4,2026-09-02 09:02:00,1143,En movimiento
667,8,1,2026-09-02 09:05:00,0,Apagado
668,3,7,2026-09-02 09:10:00,1428,Detenido_Motor_Encendido
669,5,7,2026-09-02 09:12:00,1875,En movimiento
670,3,2,2026-09-02 09:16:00,0,Apagado
671,7,5,2026-09-02 09:19:00,0,Apagado
672,2,5,2026-09-02 09:21:00,0,Apagado
673,6,5,2026-09-02 09:25:00,0,Apagado
674,7,3,2026-09-02 09:30:00,1866,En movimiento
675,6,2,2026-09-02 09:32:00,0,Apagado
676,2,5,2026-09-02 09:36:00,1579,Detenido_Motor_Encendido
677,3,4,2026-09-02 09:38:00,2171,En movimiento
678,3,2,2026-09-02 09:43:00,2090,Detenido_Motor_Encendido
679,1,2,2026-09-02 09:45:00,2284,Detenido_Motor_Encendido
680,5,2,2026-09-02 09:46:00,2010,En movimiento
681,6,5,2026-09-02 09:50:00,0,Apagado
682,6,8,2026-09-02 09:52:00,1071,En movimiento
683,2,8,2026-09-02 09:56:00,922,En movimiento
684,7,4,2026-09-02 09:57:00,0,Apagado
685,6,7,2026-09-02 10:01:00,0,Apagado
686,2,7,2026-09-02 10:05:00,1287,Detenido_Motor_Encendido
687,5,3,2026-09-02 10:06:00,2310,Detenido_Motor_Encendido
688,3,1,2026-09-02 10:11:00,2493,En movimiento
689,6,5,2026-09-02 10:13:00,2268,Detenido_Motor_Encendido
690,2,8,2026-09-02 10:16:00,1130,En movimiento
691,1,3,2026-09-02 10:18:00,0,Apagado
692,2,5,2026-09-02 10:20:00,0,Apagado
693,6,6,2026-09-02 10:24:00,1350,Detenido_Motor_Encendido
694,1,8,2026-09-02 10:27:00,0,Apagado
695,6,4,2026-09-02 10:29:00,2387,En movimiento
696,8,8,2026-09-02 10:31:00,0,Apagado
697,7,5,2026-09-02 10:33:00,1743,Detenido_Motor_Encendido
698,4,4,2026-09-02 10:35:00,1243,Detenido_Motor_Encendido
699,4,8,2026-09-02 10:39:00,1672,En movimiento
700,2,7,2026-09-02 10:41:00,1163,En movimiento
701,2,8,2026-09-02 10:46:00,0,Apagado
702,7,1,2026-09-02 10:48:00,0,Apagado
703,1,1,2026-09-02 10:50:00,1101,En movimiento
704,1,5,2026-09-02 10:51:00,1399,Detenido_Motor_Encendido
705,8,5,2026-09-02 10:55:00,1349,Detenido_Motor_Encendido
706,8,7,2026-09-02 11:00:00,2186,En movimiento
707,2,6,2026-09-02 11:02:00,1681,Detenido_Motor_Encendido
708,7,1,2026-09-02 11:06:00,1838,Detenido_Motor_Encendido
709,4,4,2026-09-02 11:07:00,994,En movimiento
710,4,1,2026-09-02 11:11:00,2444,En movimiento
711,8,1,2026-09-02 11:14:00,1873,En movimiento
712,7,7,2026-09-02 11:15:00,1861,Detenido_Motor_Encendido
713,8,8,2026-09-02 11:17:00,1640,Detenido_Motor_Encendido
714,2,8,2026-09-02 11:22:00,0,Apagado
715,1,8,2026-09-02 11:24:00,0,Apagado
716,2,2,2026-09-02 11:27:00,1872,En movimiento
717,8,6,2026-09-02 11:28:00,0,Apagado
718,8,3,2026-09-02 11:32:00,2263,En movimiento
719,1,7,2026-09-02 11:33:00,1024,Detenido_Motor_Encendido
720,7,4,2026-09-02 11:36:00,815,Detenido_Motor_Encendido
721,3,8,2026-09-02 11:40:00,1236,En movimiento
722,4,6,2026-09-02 11:44:00,0,Apagado
723,8,3,2026-09-02 11:47:00,1527,Detenido_Motor_Encendido
724,4,3,2026-09-02 11:52:00,0,Apagado
725,5,2,2026-09-02 11:57:00,2059,Detenido_Motor_Encendido
726,5,4,2026-09-02 12:02:00,1072,Detenido_Motor_Encendido
727,1,6,2026-09-02 12:03:00,2024,En movimiento
728,1,7,2026-09-02 12:07:00,2213,En movimiento
729,4,3,2026-09-02 12:12:00,1288,Detenido_Motor_Encendido
730,6,4,2026-09-02 12:16:00,0,Apagado
731,8,4,2026-09-02 12:18:00,1003,Detenido_Motor_Encendido
732,8,2,2026-09-02 12:23:00,0,Apagado
733,1,4,2026-09-02 12:28:00,0,Apagado
734,1,7,2026-09-02 12:33:00,2051,En movimiento
735,1,6,2026-09-02 12:38:00,0,Apagado
736,1,2,2026-09-02 12:42:00,1128,Detenido_Motor_Encendido
737,2,1,2026-09-02 12:44:00,0,Apagado
738,1,4,2026-09-02 12:46:00,1234,En movimiento
739,7,4,2026-09-02 12:51:00,958,Detenido_Motor_Encendido
740,1,1,2026-09-02 12:53:00,935,Detenido_Motor_Encendido
741,1,3,2026-09-02 12:57:00,1026,Detenido_Motor_Encendido
742,2,2,2026-09-02 12:59:00,2163,En movimiento
743,3,4,2026-09-02 13:02:00,1788,Detenido_Motor_Encendido
744,6,4,2026-09-02 13:07:00,0,Apagado
745,6,5,2026-09-02 13:10:00,1883,En movimiento
746,7,5,2026-09-02 13:12:00,2432,Detenido_Motor_Encendido
747,7,3,2026-09-02 13:14:00,2117,En movimiento
748,8,6,2026-09-02 13:16:00,1604,Detenido_Motor_Encendido
749,8,6,2026-09-02 13:21:00,0,Apagado
750,2,6,2026-09-02 13:26:00,0,Apagado
751,7,6,2026-09-02 13:31:00,872,En movimiento
752,1,2,2026-09-02 13:34:00,2423,Detenido_Motor_Encendido
753,2,6,2026-09-02 13:35:00,2006,Detenido_Motor_Encendido
754,7,1,2026-09-02 13:38:00,1757,En movimiento
755,1,5,2026-09-02 13:39:00,1385,Detenido_Motor_Encendido
756,2,4,2026-09-02 13:42:00,2085,Detenido_Motor_Encendido
757,3,1,2026-09-02 13:45:00,1847,Detenido_Motor_Encendido
758,7,3,2026-09-02 13:48:00,0,Apagado
759,6,6,2026-09-02 13:52:00,2060,En movimiento
760,7,3,2026-09-02 13:53:00,1284,En movimiento
761,1,5,2026-09-02 13:55:00,0,Apagado
762,4,5,2026-09-02 14:00:00,0,Apagado
763,1,2,2026-09-02 14:05:00,0,Apagado
764,3,3,2026-09-02 14:10:00,1926,Detenido_Motor_Encendido
765,7,1,2026-09-02 14:11:00,1956,Detenido_Motor_Encendido
766,6,5,2026-09-02 14:14:00,0,Apagado
767,4,1,2026-09-02 14:16:00,0,Apagado
768,7,5,2026-09-02 14:17:00,1848,En movimiento
769,5,3,2026-09-02 14:18:00,0,Apagado
770,4,2,2026-09-02 14:22:00,0,Apagado
771,8,3,2026-09-02 14:27:00,0,Apagado
772,7,1,2026-09-02 14:29:00,897,En movimiento
773,6,5,2026-09-02 14:31:00,2336,Detenido_Motor_Encendido
774,5,5,2026-09-02 14:32:00,0,Apagado
775,1,6,2026-09-02 14:35:00,873,En movimiento
776,4,7,2026-09-02 14:37:00,0,Apagado
777,3,8,2026-09-02 14:40:00,1439,Detenido_Motor_Encendido
778,6,8,2026-09-02 14:42:00,1193,Detenido_Motor_Encendido
779,8,5,2026-09-02 14:46:00,0,Apagado
780,3,5,2026-09-02 14:50:00,1100,Detenido_Motor_Encendido
781,8,4,2026-09-02 14:53:00,1463,En movimiento
782,5,4,2026-09-02 14:55:00,2075,En movimiento
783,1,7,2026-09-02 14:58:00,0,Apagado
784,1,5,2026-09-02 15:02:00,1359,En movimiento
785,8,5,2026-09-02 15:05:00,2031,En movimiento
786,6,5,2026-09-02 15:08:00,1396,En movimiento
787,4,3,2026-09-02 15:11:00,1406,En movimiento
788,1,5,2026-09-02 15:12:00,2135,En movimiento
789,4,5,2026-09-02 15:16:00,1450,En movimiento
790,4,1,2026-09-02 15:17:00,1319,Detenido_Motor_Encendido
791,3,7,2026-09-02 15:21:00,1184,En movimiento
792,7,6,2026-09-02 15:23:00,0,Apagado
793,7,4,2026-09-02 15:26:00,801,En movimiento
794,6,6,2026-09-02 15:30:00,0,Apagado
795,1,4,2026-09-02 15:34:00,1704,Detenido_Motor_Encendido
796,5,5,2026-09-02 15:38:00,0,Apagado
797,8,2,2026-09-02 15:41:00,2017,Detenido_Motor_Encendido
798,4,8,2026-09-02 15:45:00,2025,En movimiento
799,5,6,2026-09-02 15:50:00,0,Apagado
800,6,4,2026-09-02 15:54:00,1488,En movimiento
801,2,5,2026-09-02 15:56:00,0,Apagado
802,2,2,2026-09-02 16:01:00,0,Apagado
803,6,1,2026-09-02 16:03:00,0,Apagado
804,2,7,2026-09-02 16:08:00,1903,Detenido_Motor_Encendido
805,5,2,2026-09-02 16:10:00,1301,Detenido_Motor_Encendido
806,4,2,2026-09-02 16:14:00,0,Apagado
807,1,1,2026-09-02 16:19:00,0,Apagado
808,7,6,2026-09-02 16:23:00,1781,En movimiento
809,5,3,2026-09-02 16:25:00,1104,Detenido_Motor_Encendido
810,6,6,2026-09-02 16:26:00,849,En movimiento
811,4,4,2026-09-02 16:29:00,0,Apagado
812,1,7,2026-09-02 16:31:00,2186,En movimiento
813,4,3,2026-09-02 16:36:00,2424,En movimiento
814,3,5,2026-09-02 16:38:00,2180,En movimiento
815,3,6,2026-09-02 16:41:00,906,En movimiento
816,1,4,2026-09-02 16:46:00,1891,Detenido_Motor_Encendido
817,5,7,2026-09-02 16:48:00,2100,Detenido_Motor_Encendido
818,3,3,2026-09-02 16:49:00,0,Apagado
819,8,5,2026-09-02 16:50:00,930,En movimiento
820,6,8,2026-09-02 16:53:00,1692,En movimiento
821,7,8,2026-09-02 16:55:00,1405,Detenido_Motor_Encendido
822,7,4,2026-09-02 16:58:00,1692,Detenido_Motor_Encendido
823,2,6,2026-09-02 17:01:00,2106,Detenido_Motor_Encendido
824,3,2,2026-09-02 17:06:00,1763,Detenido_Motor_Encendido
825,7,8,2026-09-02 17:09:00,1781,En movimiento
826,1,7,2026-09-02 17:14:00,1942,Detenido_Motor_Encendido
827,8,4,2026-09-02 17:17:00,1899,Detenido_Motor_Encendido
828,3,1,2026-09-02 17:18:00,1302,Detenido_Motor_Encendido
829,2,7,2026-09-02 17:21:00,0,Apagado
830,7,6,2026-09-02 17:24:00,0,Apagado
831,2,8,2026-09-02 17:28:00,0,Apagado
832,7,8,2026-09-02 17:33:00,2003,En movimiento
833,7,5,2026-09-02 17:37:00,1595,Detenido_Motor_Encendido
834,8,8,2026-09-02 17:39:00,1644,Detenido_Motor_Encendido
835,7,4,2026-09-02 17:44:00,2294,Detenido_Motor_Encendido
836,4,3,2026-09-02 17:48:00,1595,En movimiento
837,8,8,2026-09-02 17:50:00,0,Apagado
838,1,7,2026-09-02 17:52:00,1971,Detenido_Motor_Encendido
839,6,6,2026-09-02 17:54:00,2436,En movimiento
840,2,3,2026-09-02 17:59:00,2125,Detenido_Motor_Encendido
841,5,1,2026-09-02 18:02:00,0,Apagado
842,3,7,2026-09-02 18:03:00,1895,Detenido_Motor_Encendido
843,3,8,2026-09-02 18:05:00,2360,En movimiento
844,6,4,2026-09-02 18:06:00,1240,En movimiento
845,3,5,2026-09-02 18:10:00,1630,Detenido_Motor_Encendido
846,5,4,2026-09-02 18:13:00,1811,Detenido_Motor_Encendido
847,6,2,2026-09-02 18:14:00,1836,En movimiento
848,6,7,2026-09-02 18:18:00,0,Apagado
849,8,4,2026-09-02 18:21:00,0,Apagado
850,5,8,2026-09-02 18:22:00,1363,En movimiento
851,1,1,2026-09-02 18:27:00,0,Apagado
852,5,3,2026-09-02 18:31:00,1885,Detenido_Motor_Encendido
853,5,6,2026-09-02 18:33:00,2381,Detenido_Motor_Encendido
854,1,2,2026-09-02 18:36:00,808,En movimiento
855,1,8,2026-09-02 18:39:00,1251,Detenido_Motor_Encendido
856,5,2,2026-09-02 18:42:00,1071,En movimiento
857,7,1,2026-09-02 18:46:00,2418,En movimiento
858,8,8,2026-09-02 18:48:00,1800,En movimiento
859,4,1,2026-09-02 18:51:00,824,En movimiento
860,3,8,2026-09-02 18:53:00,996,En movimiento
861,5,4,2026-09-02 18:54:00,1496,Detenido_Motor_Encendido
862,2,8,2026-09-02 18:55:00,2061,Detenido_Motor_Encendido
863,2,5,2026-09-02 18:56:00,1548,Detenido_Motor_Encendido
864,4,4,2026-09-02 18:59:00,2068,Detenido_Motor_Encendido
865,8,5,2026-09-02 19:02:00,0,Apagado
866,8,4,2026-09-02 19:04:00,1767,Detenido_Motor_Encendido
867,7,8,2026-09-02 19:05:00,0,Apagado
868,8,3,2026-09-02 19:07:00,1286,En movimiento
869,6,7,2026-09-02 19:09:00,2081,En movimiento
870,5,2,2026-09-02 19:12:00,1866,Detenido_Motor_Encendido
871,4,5,2026-09-02 19:13:00,0,Apagado
872,6,3,2026-09-02 19:14:00,1571,Detenido_Motor_Encendido
873,6,7,2026-09-02 19:17:00,1314,En movimiento
874,6,1,2026-09-02 19:19:00,0,Apagado
875,1,3,2026-09-02 19:23:00,0,Apagado
876,4,3,2026-09-02 19:24:00,0,Apagado
877,7,3,2026-09-02 19:29:00,2466,Detenido_Motor_Encendido
878,8,6,2026-09-02 19:31:00,898,Detenido_Motor_Encendido
879,2,6,2026-09-02 19:33:00,0,Apagado
880,7,5,2026-09-02 19:36:00,1436,En movimiento
881,2,5,2026-09-02 19:41:00,2465,Detenido_Motor_Encendido
882,8,6,2026-09-02 19:43:00,0,Apagado
883,6,7,2026-09-02 19:47:00,1020,En movimiento
884,1,2,2026-09-02 19:48:00,2150,En movimiento
885,2,1,2026-09-02 19:49:00,2152,En movimiento
886,7,5,2026-09-02 19:52:00,2399,En movimiento
887,3,6,2026-09-02 19:53:00,0,Apagado
888,1,8,2026-09-02 19:58:00,0,Apagado
889,3,2,2026-09-02 20:00:00,0,Apagado
890,4,6,2026-09-02 20:01:00,817,Detenido_Motor_Encendido
891,5,8,2026-09-02 20:03:00,0,Apagado
892,1,3,2026-09-02 20:04:00,0,Apagado
893,4,3,2026-09-02 20:08:00,0,Apagado
894,2,2,2026-09-02 20:10:00,2003,En movimiento
895,6,8,2026-09-02 20:12:00,2148,Detenido_Motor_Encendido
896,5,5,2026-09-02 20:14:00,1843,Detenido_Motor_Encendido
897,7,1,2026-09-02 20:18:00,1896,Detenido_Motor_Encendido
898,8,3,2026-09-02 20:23:00,1525,Detenido_Motor_Encendido
899,1,5,2026-09-02 20:24:00,0,Apagado
900,3,3,2026-09-02 20:26:00,1964,En movimiento
901,3,3,2026-09-02 20:31:00,0,Apagado
902,6,1,2026-09-02 20:34:00,2485,En movimiento
903,4,4,2026-09-02 20:38:00,1555,En movimiento
904,7,1,2026-09-02 20:43:00,2402,Detenido_Motor_Encendido
905,8,5,2026-09-02 20:46:00,1539,En movimiento
906,5,2,2026-09-02 20:49:00,0,Apagado
907,6,3,2026-09-02 20:54:00,0,Apagado
908,6,8,2026-09-02 20:56:00,0,Apagado
909,1,6,2026-09-02 20:58:00,1560,Detenido_Motor_Encendido
910,2,3,2026-09-02 21:01:00,1287,En movimiento
911,6,5,2026-09-02 21:02:00,2190,En movimiento
912,1,5,2026-09-02 21:03:00,1824,En movimiento
913,3,6,2026-09-02 21:04:00,0,Apagado
914,5,3,2026-09-02 21:09:00,878,Detenido_Motor_Encendido
915,3,8,2026-09-02 21:12:00,923,Detenido_Motor_Encendido
916,2,1,2026-09-02 21:13:00,1022,Detenido_Motor_Encendido
917,4,5,2026-09-02 21:18:00,0,Apagado
918,3,1,2026-09-02 21:19:00,2481,Detenido_Motor_Encendido
919,3,8,2026-09-02 21:22:00,0,Apagado
920,6,4,2026-09-02 21:25:00,0,Apagado
921,6,4,2026-09-02 21:26:00,851,En movimiento
922,6,7,2026-09-02 21:31:00,1561,Detenido_Motor_Encendido
923,4,1,2026-09-02 21:33:00,2340,En movimiento
924,7,6,2026-09-02 21:38:00,906,Detenido_Motor_Encendido
925,1,4,2026-09-02 21:42:00,0,Apagado
926,7,5,2026-09-02 21:45:00,0,Apagado
927,5,1,2026-09-02 21:48:00,1639,En movimiento
928,2,7,2026-09-02 21:52:00,1421,Detenido_Motor_Encendido
929,7,8,2026-09-02 21:56:00,907,En movimiento
930,3,8,2026-09-02 22:01:00,1108,En movimiento
931,5,3,2026-09-02 22:04:00,0,Apagado
932,4,3,2026-09-02 22:09:00,0,Apagado
933,6,7,2026-09-02 22:13:00,818,Detenido_Motor_Encendido
934,8,3,2026-09-02 22:15:00,0,Apagado
935,7,6,2026-09-02 22:16:00,1478,En movimiento
936,1,8,2026-09-02 22:21:00,1723,Detenido_Motor_Encendido
937,1,7,2026-09-02 22:25:00,1603,En movimiento
938,5,3,2026-09-02 22:28:00,1319,Detenido_Motor_Encendido
939,4,8,2026-09-02 22:31:00,1128,Detenido_Motor_Encendido
940,3,8,2026-09-02 22:34:00,869,En movimiento
941,2,6,2026-09-02 22:39:00,0,Apagado
942,7,7,2026-09-02 22:42:00,1766,En movimiento
943,7,1,2026-09-02 22:47:00,1069,En movimiento
944,5,4,2026-09-02 22:48:00,1058,Detenido_Motor_Encendido
945,1,5,2026-09-02 22:52:00,1688,En movimiento
946,8,8,2026-09-02 22:56:00,1489,Detenido_Motor_Encendido
947,2,2,2026-09-02 22:58:00,1707,En movimiento
948,1,3,2026-09-02 23:03:00,2283,En movimiento
949,1,1,2026-09-02 23:04:00,0,Apagado
950,4,6,2026-09-02 23:06:00,0,Apagado
951,2,4,2026-09-02 23:07:00,1328,En movimiento
952,2,3,2026-09-02 23:11:00,0,Apagado
953,2,2,2026-09-02 23:13:00,979,Detenido_Motor_Encendido
954,1,3,2026-09-02 23:15:00,1855,En movimiento
955,4,7,2026-09-02 23:16:00,1323,En movimiento
956,4,4,2026-09-02 23:21:00,1201,Detenido_Motor_Encendido
957,4,4,2026-09-02 23:25:00,1784,En movimiento
958,3,7,2026-09-02 23:29:00,1427,En movimiento
959,5,4,2026-09-02 23:31:00,1276,Detenido_Motor_Encendido
960,1,5,2026-09-02 23:36:00,0,Apagado
961,6,5,2026-09-02 23:39:00,0,Apagado
962,3,3,2026-09-02 23:44:00,0,Apagado
963,3,5,2026-09-02 23:47:00,0,Apagado
964,8,8,2026-09-02 23:51:00,0,Apagado
965,2,6,2026-09-02 23:54:00,872,En movimiento
966,4,4,2026-09-02 23:56:00,0,Apagado
967,8,4,2026-09-03 00:00:00,1988,Detenido_Motor_Encendido
968,3,6,2026-09-03 00:04:00,0,Apagado
969,4,2,2026-09-03 00:06:00,1545,Detenido_Motor_Encendido
970,7,3,2026-09-03 00:11:00,2423,Detenido_Motor_Encendido
971,1,8,2026-09-03 00:12:00,1453,Detenido_Motor_Encendido
972,8,7,2026-09-03 00:16:00,2184,Detenido_Motor_Encendido
973,3,8,2026-09-03 00:18:00,1965,Detenido_Motor_Encendido
974,5,5,2026-09-03 00:21:00,2452,En movimiento
975,5,1,2026-09-03 00:22:00,1126,En movimiento
976,7,5,2026-09-03 00:27:00,1415,Detenido_Motor_Encendido
977,1,2,2026-09-03 00:32:00,1855,Detenido_Motor_Encendido
978,1,8,2026-09-03 00:37:00,0,Apagado
979,3,1,2026-09-03 00:39:00,0,Apagado
980,3,6,2026-09-03 00:42:00,1425,En movimiento
981,2,1,2026-09-03 00:45:00,1969,En movimiento
982,4,1,2026-09-03 00:48:00,952,Detenido_Motor_Encendido
983,5,1,2026-09-03 00:50:00,0,Apagado
984,6,5,2026-09-03 00:52:00,0,Apagado
985,7,4,2026-09-03 00:54:00,0,Apagado
986,8,4,2026-09-03 00:55:00,2370,En movimiento
987,3,5,2026-09-03 00:56:00,0,Apagado
988,2,5,2026-09-03 01:01:00,0,Apagado
989,1,5,2026-09-03 01:05:00,0,Apagado
990,3,6,2026-09-03 01:07:00,1748,Detenido_Motor_Encendido
991,2,4,2026-09-03 01:10:00,0,Apagado
992,2,2,2026-09-03 01:15:00,1513,En movimiento
993,6,3,2026-09-03 01:20:00,830,Detenido_Motor_Encendido
994,6,4,2026-09-03 01:22:00,1103,Detenido_Motor_Encendido
995,1,3,2026-09-03 01:25:00,0,Apagado
996,6,7,2026-09-03 01:29:00,2425,En movimiento
997,7,7,2026-09-03 01:32:00,1634,En movimiento
998,1,4,2026-09-03 01:34:00,846,Detenido_Motor_Encendido
999,4,5,2026-09-03 01:36:00,0,Apagado
1000,5,7,2026-09-03 01:41:00,1032,En movimiento
